"design_group","parameter","original_lower","original_upper","lower","upper","sampling_scale"
"weak","K_1",0.25,40,0.25,4,"log"
"weak","mu_1",0.005,0.15,0.005,0.05,"log"
"weak","laa_1",0,0.25,0,0.05,"linear"
"weak","lambda0",0.05,1.5,0.05,0.25,"log"
"intermediate","K_1",0.25,40,4,40,"log"
"intermediate","mu_1",0.005,0.15,0.05,0.15,"log"
"intermediate","laa_1",0,0.25,0.05,0.25,"linear"
"intermediate","lambda0",0.05,1.5,0.25,1.5,"log"
"strong","K_1",0.25,40,40,400,"log"
"strong","mu_1",0.005,0.15,0.15,3,"log"
"strong","laa_1",0,0.25,0.25,2.5,"linear"
"strong","lambda0",0.05,1.5,1.5,15,"log"
