"parameter","minimum","maximum","sampling","pilot_reason"
"lac_0",0.03,1.2,"log-uniform","Brackets and extends the paper's cladogenesis levels while retaining low-rate regimes."
"mu_0",0.02,0.8,"log-uniform","Covers weak through high extinction and helps expose mu_0 by mu_1 compensation."
"gam_0",0.005,0.3,"log-uniform","Includes near-empty islands and rapid-assembly regimes."
"laa_0",0.03,2.5,"log-uniform","Broad intrinsic baseline is needed to judge laa_1 * D relative to laa_0."
"K_0",15,140,"uniform","Covers low-opportunity through weakly constrained baseline communities."
"K_1",0,90,"90 * u^3 (strongly concentrated near zero)","High old values produced explosive communities, so the broad tail is retained but sparsely sampled."
"mu_1",0,0.15,"uniform","Extends far enough to reveal saturation separately in low- and high-degree communities."
"laa_1",0,0.25,"uniform","A deliberately broad stress test because observed D was usually zero in old outputs."
"lambda0",0,1.5,"uniform","Extends beyond the old range to test zero-event, informative, and plateau regions."
